"firstName","lastName","phone","job"
"Andrew","Corkery","077.851.6123","Global Configuration Orchestrator"
"Deanna","Johnston","(050) 521-5843 x7159","Chief Communications Designer"
"Johnpaul","Feest","(375) 930-9135 x73259","Principal Markets Designer"
"Mallory","Schultz","(641) 336-5786 x8185","Lead Security Consultant"
"Arianna","Ondricka","(837) 783-5153 x8853","District Interactions Developer"
"Jacinthe","Brown","948.511.6379 x9519","Legacy Marketing Analyst"
"Sincere","Emmerich","1-115-562-0055 x4992","Central Research Agent"
"Jordane","Bechtelar","798-610-5150","District Branding Developer"
"Jeromy","Jenkins","860-617-4941","Central Identity Orchestrator"
"Ellis","Sipes","165.614.8688 x563","Customer Factors Coordinator"
"Casey","Schroeder","510-640-4402","Dynamic Branding Technician"
"Aniyah","Bradtke","(499) 869-1850","Human Group Developer"
"Kelton","Kshlerin","(218) 882-5446 x4393","Chief Identity Associate"
"Elliot","Koepp","321.014.8470 x238","Senior Interactions Assistant"
"Caleb","Champlin","1-749-619-4674 x5798","Internal Infrastructure Assistant"
"Mitchel","Reilly","1-560-695-3476 x9529","District Group Liaison"
"Donna","Deckow","1-637-012-5322","Lead Accounts Executive"
"Scotty","Bayer","(142) 962-6707 x5773","Lead Directives Manager"
"Irwin","Goyette","002.150.0200 x709","Dynamic Brand Facilitator"
"Magdalena","Eichmann","1-771-181-3530","Lead Functionality Architect"
"Uriah","Kovacek","1-248-658-0095","Senior Usability Liaison"
"Morgan","Von","735.196.4171 x466","Global Operations Strategist"
"Royal","O'Kon","1-025-803-5495 x0153","Forward Communications Producer"
"Eliza","Mante","(175) 227-2354","International Quality Manager"
"Cayla","Tromp","(204) 870-5166 x691","Future Web Supervisor"
"Philip","Erdman","483-934-4595","Central Metrics Supervisor"
"Jadon","Prosacco","(825) 154-7410","Direct Paradigm Technician"
"Osbaldo","Rutherford","956.877.3701 x4071","Dynamic Communications Agent"
"Karen","Hauck","125-381-3582 x91687","Legacy Response Administrator"
"Roderick","Metz","1-209-303-6094 x04162","Senior Functionality Designer"
"Rozella","Terry","963.794.8919","Human Tactics Engineer"
"Maximilian","Boehm","(112) 586-0762","Legacy Division Associate"
"Brennon","Moen","466.220.4206 x2135","Customer Marketing Assistant"
"Ellen","Haley","635-066-4869","Regional Tactics Consultant"
"Reagan","Murazik","(107) 741-8560","Principal Mobility Consultant"
"Mertie","Wunsch","083.641.3319","Legacy Applications Strategist"
"Kylee","Schaden","735.276.8095 x69078","Dynamic Configuration Administrator"
"Gino","Nienow","959.886.3978","Regional Identity Manager"
"Leatha","Rath","(342) 310-6004","Dynamic Division Director"
"Stephanie","D'Amore","963-446-2228 x6538","National Infrastructure Officer"
"Orlo","Luettgen","(787) 863-8801","Central Quality Orchestrator"
"Dean","Lang","1-943-062-4543 x512","Direct Division Liaison"
"Raul","Windler","1-721-889-7024 x19219","Direct Web Assistant"
"Garrett","Fisher","(237) 739-6601","International Configuration Architect"
"Wilburn","Schaefer","(155) 083-8560","Chief Configuration Coordinator"
"Queenie","Donnelly","989-631-4832","National Paradigm Strategist"
"Dangelo","Rogahn","1-887-820-2244","District Operations Producer"
"Terrence","Pouros","(449) 440-5333 x0656","Corporate Mobility Designer"
"Otha","Botsford","072-679-7386","Regional Creative Designer"
"Axel","Hessel","623.501.6888 x520","Senior Marketing Specialist"
"Leo","Kautzer","472.280.7906","Investor Accounts Specialist"
"Price","Grady","1-757-906-4271","National Creative Director"
"Krista","Gorczany","570-543-1906 x42130","Dynamic Interactions Associate"
"Lizeth","Donnelly","(393) 166-6568 x82827","Dynamic Data Strategist"
"Ryann","Kuhlman","071-454-7586 x880","Corporate Implementation Director"
"Torrance","Will","684.461.9050 x425","Chief Division Supervisor"
"Sheridan","Fritsch","(740) 094-6968","Corporate Communications Engineer"
"Joy","Treutel","547-359-8175 x418","Central Operations Supervisor"
"Bettye","Zulauf","727-360-2596","Chief Interactions Engineer"
"Georgiana","Kris","459.242.5363","Chief Interactions Consultant"
"Jerod","Miller","(957) 082-7632","Human Brand Director"
"Ludie","Maggio","(147) 067-3048 x834","Product Group Representative"
"Cassidy","Ward","(071) 911-3886 x58515","Dynamic Marketing Executive"
"Alivia","Schmitt","(711) 579-1371 x7027","Chief Metrics Coordinator"
"Tracey","Cremin","323-063-3156 x112","Internal Creative Supervisor"
"Chelsea","Wyman","1-099-975-8195","Dynamic Factors Liaison"
"Makenna","Murazik","322.649.8775 x84142","Dynamic Assurance Assistant"
"Efrain","Johnston","888-555-1320","Internal Marketing Planner"
"Hans","Gislason","447.641.3026 x94062","International Brand Facilitator"
"Madison","Auer","227-049-2495","Investor Accounts Specialist"
"Margret","Volkman","694.368.4151","Chief Accountability Executive"
"Josefina","Morissette","(265) 721-4730","Legacy Configuration Coordinator"
"Gerda","Rutherford","(668) 275-8237","Corporate Functionality Engineer"
"Enos","Lynch","062-796-1718 x5345","Chief Directives Assistant"
"Theresia","Kshlerin","104-715-6861 x347","Senior Creative Associate"
"Janis","Marks","1-710-699-2709 x17778","Customer Implementation Architect"
"Laura","Lakin","948.550.9921 x02474","Internal Factors Assistant"
"Fernando","Rutherford","951.686.1669","Investor Tactics Supervisor"
"Betsy","Morissette","280.776.8770","Internal Integration Consultant"
"Jaeden","Stiedemann","519-908-9673 x493","Chief Group Associate"
"Genesis","Nitzsche","350.259.9948","Forward Quality Developer"
"Summer","Olson","(298) 999-6122 x95850","Internal Implementation Assistant"
"Trent","Graham","1-181-296-1775 x058","Corporate Identity Developer"
"Stanton","Spinka","716-881-8725","National Paradigm Liaison"
"Camron","Marks","1-439-408-8949 x21489","Principal Intranet Administrator"
"Lolita","Barrows","1-330-419-3918","Customer Branding Technician"
"Paxton","Wiza","102-341-6329 x98365","Direct Infrastructure Strategist"
"Arnaldo","Bogisich","479-788-5692 x063","Human Optimization Representative"
"Hadley","Anderson","(065) 008-7453","Chief Division Designer"
"Price","Funk","422.539.1647 x305","Product Functionality Associate"
"Yvette","Gaylord","594.948.9985","Investor Interactions Director"
"Reagan","Metz","910-461-0390","Regional Research Technician"
"Marjorie","Green","575-773-3479","Chief Metrics Technician"
"Giles","Doyle","(552) 867-3833","Chief Infrastructure Engineer"
"Hildegard","Schoen","(152) 612-6759 x511","Principal Identity Agent"
"Arnold","Schamberger","(517) 169-1870","International Assurance Consultant"
"Isabelle","Fadel","968-075-5686 x8630","Human Implementation Agent"
"Howard","Carter","654.392.2147","Customer Tactics Director"
"Elyse","Nader","507-946-6856 x018","Human Communications Officer"
"Jermaine","Medhurst","(222) 406-5965 x641","Investor Quality Manager"
"Scarlett","Torp","264-457-4294","International Program Producer"
"Mylene","Harber","(138) 039-7004 x059","Internal Division Associate"
"Dylan","Kuhn","855-432-4679 x79634","Direct Markets Facilitator"
"Vita","Will","108.174.5612 x789","District Metrics Supervisor"
"Wilfred","Hintz","(558) 329-8519 x11821","Chief Intranet Assistant"
"Viva","Quitzon","1-538-044-4773","Senior Operations Supervisor"
"Amir","Skiles","040.819.1489 x4138","Future Web Director"
"Breanne","Johnson","(349) 304-4500","Forward Communications Producer"
"Emil","Cruickshank","1-132-888-0890","Human Directives Designer"
"Thomas","Bartoletti","085-660-9355 x5624","Central Branding Administrator"
"Yasmin","Simonis","511-115-2713","Investor Security Consultant"
"Pablo","Torp","284.442.6840 x87736","National Group Orchestrator"
"Angel","Moen","1-120-773-6343 x0332","Legacy Program Developer"
"Jack","Skiles","(579) 769-6749","Product Web Representative"
"Gonzalo","McClure","(433) 858-9909","Customer Metrics Designer"
"Dell","Pouros","236.695.8922","Human Identity Coordinator"
"Eryn","Funk","957.498.3398 x6228","Future Group Associate"
"Gardner","Kemmer","366.140.7751 x1910","Product Security Planner"
"Nelson","Torp","503-018-0041 x7877","Principal Infrastructure Analyst"
"Diamond","Dibbert","1-625-176-8374","Dynamic Markets Technician"
"Henderson","Considine","860-317-3555 x01839","Principal Tactics Facilitator"
"Trinity","Cormier","(935) 830-6168 x683","District Factors Administrator"
"Emilie","Bashirian","696.990.5875","Human Security Technician"
"Gustave","Nader","587-509-2979 x69150","Dynamic Quality Officer"
"Carmine","Langosh","096.368.6113 x541","Product Integration Designer"
"Cassandre","Abernathy","(415) 934-9036 x80872","Investor Directives Orchestrator"
"Nikko","Kreiger","335-658-1724 x84702","Internal Paradigm Orchestrator"
"Dayana","Barton","950.483.3334","Legacy Markets Agent"
"Carleton","Hegmann","341-099-4914","Senior Quality Associate"
"Herta","Marks","300.299.7755","Investor Communications Executive"
"Effie","Conn","(261) 334-5458 x1572","Human Implementation Specialist"
"Zaria","Gislason","323.491.5548","Customer Communications Administrator"
"Bailey","Goodwin","1-982-347-4197","National Optimization Developer"
"Kali","Daugherty","1-707-295-3321","Future Branding Planner"
"Abraham","Quigley","(036) 046-5859","Dynamic Applications Architect"
"Terence","Koch","135.561.4492","Principal Intranet Executive"
"Georgiana","Cruickshank","1-056-024-0042 x86919","Dynamic Brand Assistant"
"Donald","Thompson","801.606.1930 x79094","Senior Applications Developer"
"Angela","Greenholt","(553) 356-6088 x76984","Customer Functionality Coordinator"
"Celestino","Gislason","(752) 371-0848 x01210","Regional Communications Representative"
"Lillian","Ullrich","1-332-975-4447","Central Brand Technician"
"Alexandre","Herman","167.058.7962 x267","International Division Architect"
"Salma","Schowalter","(706) 064-4582 x44272","Lead Interactions Assistant"
"Nolan","Miller","380.308.3419","Dynamic Solutions Supervisor"
"Blair","Dibbert","689.427.2383 x473","Regional Tactics Analyst"
"General","Ratke","723-088-7591","Investor Implementation Developer"
"Akeem","O'Connell","1-190-559-3333 x0713","International Solutions Representative"
"Delphine","Frami","604-737-4205","Future Factors Technician"
"Rudy","Erdman","786.779.2095 x6873","Product Identity Technician"
"Eva","O'Kon","592-193-9993","Product Branding Consultant"
"Dayne","Daugherty","939-531-5718 x5483","Dynamic Research Engineer"
"Lester","Grady","794.306.1138 x1872","Investor Functionality Designer"
"Jack","Spinka","1-438-511-1628 x8558","Principal Division Analyst"
"Randal","Feeney","(386) 905-3011 x886","Internal Usability Executive"
"Travis","Hintz","919.131.2259 x935","Corporate Security Producer"
"Nestor","Schulist","1-317-195-1452","Investor Mobility Consultant"
"Juwan","Quitzon","417.337.7626","Corporate Group Strategist"
"Tito","Paucek","(515) 944-1385 x8458","Regional Metrics Director"
"Adan","Goldner","115-020-9024 x30851","Human Mobility Architect"
"Emmie","Ortiz","536.287.3143 x2471","Customer Usability Orchestrator"
"Lydia","Wilderman","1-793-824-3694","Dynamic Communications Director"
"Wilber","Crist","777.082.5451 x85076","Product Marketing Officer"
"Lizzie","Keebler","(229) 067-8140 x00546","Internal Group Orchestrator"
"Kelli","Thiel","880.919.9582","Senior Branding Officer"
"Ila","Marks","530-725-4405","International Response Consultant"
"Ernest","Friesen","703-204-5887 x17198","Lead Solutions Technician"
"Madison","Schulist","1-589-358-6993 x79385","Legacy Paradigm Officer"
"Reid","Greenholt","733.926.9029 x0661","Forward Interactions Executive"
"Rod","Eichmann","491-991-9848 x36468","Forward Creative Assistant"
"Terrance","O'Connell","916.368.2813 x05972","Customer Paradigm Architect"
"Gertrude","Batz","(673) 033-4842","Investor Operations Manager"
"Lilian","Lynch","1-738-874-4520","Investor Branding Architect"
"Christa","Little","1-702-251-6319 x72426","Dynamic Tactics Strategist"
"Lucile","McClure","(078) 938-2539 x60684","National Assurance Officer"
"Santiago","Runte","360.968.0483 x38065","Product Group Manager"
"Anabelle","Schimmel","1-775-759-5368 x96488","Senior Paradigm Specialist"
"Reymundo","Eichmann","689.472.1854","Future Functionality Administrator"
"Hester","Hickle","850.524.3290 x75040","Investor Program Facilitator"
"Elouise","Kilback","070.520.1573","Forward Brand Orchestrator"
"Dixie","McClure","655.225.9936","Internal Quality Specialist"
"Josefa","Thiel","008.101.9670","District Group Facilitator"
"Stephan","Goldner","1-970-702-0478 x46986","National Web Strategist"
"Chanel","Farrell","1-990-227-3532 x469","Internal Quality Representative"
"Althea","Smith","1-307-186-9219","Future Paradigm Planner"
"Jewel","Jaskolski","(667) 150-7796 x6825","Dynamic Intranet Engineer"
"Sandrine","Conn","939.893.2540","Senior Brand Facilitator"
"Wilber","Hammes","(434) 423-9228 x491","Chief Creative Supervisor"
"Kavon","Luettgen","(180) 412-0122","Human Division Analyst"
"Kamryn","Connelly","(712) 208-8971","Principal Paradigm Facilitator"
"Abelardo","Abbott","(612) 227-0214","Customer Functionality Planner"
"Keanu","Kiehn","(981) 184-8100","National Branding Liaison"
"Allie","Jacobson","949.233.1855","Dynamic Accountability Associate"
"Gerson","Franecki","1-349-614-7964 x465","Direct Division Manager"
"Bennett","Beahan","1-171-399-3344 x83604","Global Mobility Orchestrator"
"Lambert","Towne","944.621.1328","Principal Directives Technician"
"Ellsworth","Collier","(303) 795-3802","Investor Branding Associate"
"Wiley","Weissnat","460.221.4669 x947","National Infrastructure Technician"
"Shad","Bednar","1-326-809-2567","Investor Accountability Technician"
"Roslyn","Yost","(549) 969-7725 x73130","National Usability Executive"
"Lexus","Lueilwitz","1-805-566-3688 x78421","Dynamic Accountability Analyst"
"Annie","Dibbert","874.959.2419 x836","Regional Security Orchestrator"
"Anita","Wolff","(198) 061-1171 x273","Dynamic Assurance Director"
"Morgan","Muller","789-941-6579 x289","Human Research Administrator"
"Maxine","Bradtke","1-911-800-9114 x781","Customer Identity Architect"
"Jamie","Schowalter","1-758-327-8590 x318","Global Data Producer"
"Triston","Corkery","1-734-628-5490","Lead Brand Executive"
"Sonny","Herzog","051.829.8207 x821","Global Quality Administrator"
"Arely","Stehr","931-243-5495","Central Optimization Officer"
"Chelsie","Sipes","884.163.8793","International Web Administrator"
"Hilbert","Langworth","1-145-243-9831 x11774","Principal Applications Manager"
"Willis","Jacobs","1-245-854-0078 x5141","International Integration Specialist"
"Carissa","Nikolaus","1-346-517-5228 x67869","Dynamic Program Specialist"
"Marielle","McGlynn","1-267-768-0442","District Assurance Liaison"
"Ruth","Romaguera","1-819-521-5582","Investor Marketing Designer"
"Maxine","Rippin","1-692-871-3013 x043","Chief Accounts Administrator"
"Keira","Littel","(876) 310-5060","Chief Branding Liaison"
"Dagmar","Roberts","409.185.5348","Human Usability Assistant"
"Alvina","Christiansen","698-347-5034","Corporate Security Orchestrator"
"Kendall","Kulas","690.352.7267 x28129","Central Program Specialist"
"Layne","Moore","945-147-5657","National Identity Officer"
"Madaline","Okuneva","232.263.1771 x259","Dynamic Implementation Strategist"
"Kamryn","Ankunding","1-162-251-9206 x5890","Legacy Markets Coordinator"
"Jonathon","Hettinger","(001) 571-3477 x968","Regional Applications Orchestrator"
"Nicole","Kassulke","(199) 541-2996 x5117","Lead Accounts Strategist"
"Lelah","Kshlerin","(227) 066-3451","Product Quality Analyst"
"Nadia","Batz","996-696-0293 x05981","District Security Designer"
"Brigitte","Lind","1-480-247-9546","Product Paradigm Architect"
"Raphaelle","Hickle","325-563-0500","Central Marketing Specialist"
"Joanny","Emard","1-994-325-9456 x194","Dynamic Tactics Liaison"
"Sherwood","Gaylord","1-826-521-4636","Customer Division Associate"
"Rebecca","Fritsch","(509) 412-4995 x4367","Internal Configuration Facilitator"
"Jarrod","Funk","(149) 989-5273 x9508","Forward Functionality Engineer"
"Douglas","Kuhlman","(454) 561-4389","Senior Data Facilitator"
"Destany","Rippin","039.065.4201 x179","Regional Accounts Assistant"
"Stan","Abbott","350-343-4474 x3298","Direct Tactics Orchestrator"
"Jody","Gulgowski","1-552-783-4846","Product Applications Manager"
"Jason","Lowe","1-198-511-7800","Lead Web Technician"
"Gregorio","Keeling","(511) 403-8550 x07920","Central Accounts Orchestrator"
"Duncan","Hackett","056.307.9443 x703","Customer Communications Associate"
"Ramiro","Hyatt","1-917-071-7574 x71193","Forward Accountability Producer"
"Isadore","Berge","1-999-994-2646","Regional Brand Liaison"
"Lupe","Hoppe","(542) 637-5102 x27884","District Infrastructure Supervisor"
"Charity","Hyatt","538.254.5918","Central Functionality Consultant"
"Marion","Sawayn","627-511-0574 x746","Legacy Optimization Designer"
"Anderson","Powlowski","(327) 577-3274","Human Security Administrator"
"Cecelia","Lockman","864.992.0007 x64956","District Interactions Representative"
"Tevin","Jacobson","626.980.6677 x713","Central Functionality Planner"
"Anne","Wiegand","204-388-8220 x49993","Senior Usability Architect"
"Rico","Bahringer","(856) 180-1189 x738","Legacy Accounts Officer"
"Aiden","Kohler","(432) 288-3148 x187","Direct Paradigm Liaison"
"Ezra","Labadie","035-200-2655 x65007","Global Metrics Administrator"
"Hortense","Williamson","913.784.3147 x140","Forward Program Specialist"
"Monroe","Raynor","(665) 871-4099 x9771","Principal Implementation Specialist"
"Hellen","Tremblay","149-769-4832","Corporate Functionality Agent"
"Raymond","Ernser","1-981-847-9359 x186","International Assurance Technician"
"Delphia","Crist","771.912.3093 x0403","Lead Program Strategist"
"Emmalee","Beahan","1-890-598-3722","Lead Markets Coordinator"
"Julianne","Kerluke","021.168.6273 x6633","Regional Markets Coordinator"
"Myron","Medhurst","393-438-8812 x438","Dynamic Operations Administrator"
"Sylvan","Feeney","971-508-1536","Principal Research Producer"
"Jameson","Feil","1-143-954-5083","Investor Markets Director"
"Ramiro","Dietrich","1-542-884-5110 x85655","Legacy Usability Analyst"
"Rasheed","Quitzon","941.857.5636 x4567","Human Usability Facilitator"
"Alba","Cummerata","416.669.5001 x471","Human Communications Producer"
"Donnie","Ullrich","1-100-423-1237","Forward Functionality Developer"
"Aida","Luettgen","489-100-0287","Investor Identity Specialist"
"Jayda","Corkery","(250) 303-8032 x85209","Internal Usability Consultant"
"Annalise","Mayert","243.308.1502","Central Web Coordinator"
"Skye","Sipes","1-872-533-6866 x08745","Lead Interactions Developer"
"Hattie","Wolf","654-761-7960 x22301","National Implementation Supervisor"
"Rita","Casper","032-484-3132 x850","Principal Communications Representative"
"Clementina","Herzog","382-573-2303 x7310","District Marketing Executive"
"Carrie","Jerde","069.619.5301 x289","Direct Marketing Representative"
"Jayda","Bauch","(566) 079-3861 x42759","International Directives Strategist"
"Austin","Corkery","(708) 897-9751 x17356","National Tactics Supervisor"
"Aaron","Ryan","1-192-324-4726 x1551","International Brand Engineer"
"Helena","Reilly","(625) 806-5091 x5459","Lead Usability Technician"
"Nikolas","Davis","120-514-5815","Future Applications Specialist"
"Cortez","Kris","211.169.0530","Chief Applications Manager"
"Lori","VonRueden","(332) 991-9469","Investor Group Orchestrator"
"Raymundo","Zieme","582-376-8416","District Web Manager"
"Kendall","Kihn","287.721.1361 x505","Central Implementation Strategist"
"Sunny","Hand","1-539-851-4006 x0272","Dynamic Brand Strategist"
"Lamar","Blick","(828) 824-5741 x47625","Direct Identity Agent"
"Peter","Schulist","(791) 386-6374 x08285","District Web Producer"
"Zita","Weissnat","(647) 931-2014 x807","International Interactions Engineer"
"Ethyl","Ryan","699-539-4233 x13306","Future Usability Technician"
"Walker","Feest","1-467-322-5154","National Communications Architect"
"Jasper","Barton","(664) 517-4534 x65725","Product Response Consultant"
"Milford","Zieme","098.886.6091 x7190","Forward Metrics Administrator"
"Raymond","Schmidt","100.968.6948","Senior Optimization Executive"
"Nestor","Beer","358-295-7214 x1619","Customer Directives Manager"
"Cedrick","Hoppe","136.936.4723","Human Accounts Architect"
"Millie","Koch","129.945.2131","District Division Analyst"
"Brayan","Shanahan","(313) 352-2935 x082","Investor Marketing Developer"
"Magnolia","Stehr","1-043-571-9090 x053","Corporate Operations Coordinator"
"Mohamed","Strosin","1-446-788-6862","International Intranet Executive"
"Elissa","Rowe","1-125-757-0891","Global Paradigm Strategist"
"Lizzie","Schowalter","(170) 011-6432","Global Mobility Orchestrator"
"Malvina","Hand","(639) 381-7767","Senior Factors Assistant"
"Juliet","Zboncak","099-161-7715 x201","Forward Assurance Designer"
"Bessie","Mueller","572-041-9876 x74266","Corporate Mobility Administrator"
"Arch","Weissnat","1-397-761-4809 x10978","Human Metrics Engineer"
"Malika","Hodkiewicz","1-057-285-0115","Dynamic Accounts Specialist"
"Flavio","Hand","515.793.3120","International Research Developer"
"Jadyn","Abbott","626-203-1146 x74088","Dynamic Communications Liaison"
"Selmer","Roob","(315) 477-2976 x0584","Product Research Director"
"Amanda","Waelchi","1-453-266-0569 x29618","Legacy Optimization Associate"
"Jaydon","Borer","1-657-018-2698 x12400","National Optimization Manager"
"Astrid","Kassulke","1-316-267-1619 x255","Future Assurance Executive"
"Caleb","Kautzer","516.623.6994","Future Implementation Executive"
"Priscilla","Schultz","434.349.1469 x27418","Dynamic Research Producer"
"Daniela","Kunze","1-016-790-9338 x603","Forward Data Assistant"
"Demario","Ziemann","255.881.9761","Dynamic Mobility Analyst"
"Earl","Pfeffer","561.407.2606 x159","Legacy Communications Agent"
"Maye","Rippin","138-328-2203","Internal Identity Administrator"
"Berenice","O'Conner","127-356-1075","Product Functionality Designer"
"Leola","Block","455.205.2201 x32696","Human Metrics Producer"
"Barney","Ebert","925.941.7873 x97420","Future Integration Planner"
"Shawna","Kilback","1-770-041-7986 x21472","International Applications Producer"
"Raoul","Mertz","408.037.7020","Regional Mobility Coordinator"
"Jaquan","Mueller","1-429-450-2189 x16979","Central Response Developer"
"Brisa","Block","1-341-731-2114 x941","Product Web Administrator"
"Gladys","Kshlerin","1-758-894-5340 x5392","Investor Solutions Planner"
"Hoyt","Waelchi","(148) 355-4010 x88948","Investor Integration Administrator"
"Hilma","Harris","413-558-3205","Human Metrics Developer"
"Deontae","Mraz","477-021-6163 x474","Chief Accounts Director"
"Zachary","Jacobs","1-012-692-9439","Central Program Architect"
"Ona","Shields","1-074-089-3808","Dynamic Integration Producer"
"Shyann","Bogisich","1-873-498-9739 x2824","Dynamic Assurance Planner"
"Tito","Rippin","075.359.5605","Direct Tactics Analyst"
"Kadin","Schoen","(226) 884-9986 x807","Central Accounts Orchestrator"
"Jaren","Kling","(334) 431-5240 x720","Lead Creative Technician"
"Gilda","Lakin","879-231-5991 x10522","Central Identity Consultant"
"Maymie","Treutel","1-311-950-3504","Customer Web Representative"
"Astrid","Corkery","1-649-932-7276 x0232","Dynamic Quality Officer"
"Merl","Flatley","532-913-1860","Regional Creative Consultant"
"Keara","Kris","(313) 451-6049 x760","Chief Accountability Coordinator"
"Name","Carter","816.703.8328 x56359","Internal Solutions Analyst"
"Cullen","Fisher","(753) 182-7698 x326","Global Optimization Orchestrator"
"Hilbert","Rowe","1-232-776-6245 x000","Dynamic Group Facilitator"
"Clint","McCullough","931.970.9162","Direct Branding Technician"
"Dejuan","Carroll","(148) 670-8644 x95005","Chief Implementation Manager"
"Toby","Ortiz","(959) 324-0713","Central Communications Architect"
"Gilbert","Schuster","937.861.5767 x68075","Internal Implementation Associate"
"Lorenzo","Green","991-863-1814","District Communications Facilitator"
"Cristina","Stiedemann","(680) 446-2168","Dynamic Quality Director"
"Seamus","Leuschke","267.905.8550 x8357","Investor Configuration Producer"
"Michelle","Glover","(762) 606-0762","Senior Accounts Liaison"
"Cayla","McLaughlin","1-605-709-0769 x80817","Global Factors Assistant"
"Caleigh","Bergstrom","966.714.7432 x709","Regional Quality Manager"
"Francesco","Hickle","1-695-722-9561 x31226","Central Infrastructure Supervisor"
"Rose","Simonis","866-297-4563","Direct Paradigm Planner"
"Jevon","Schimmel","1-279-293-4119","Lead Implementation Designer"
"Rowland","Wolf","1-135-859-4752","Internal Quality Officer"
"Kyle","Gusikowski","702.857.8105 x87033","National Communications Officer"
"Malinda","Abernathy","1-792-930-3313 x28423","Future Paradigm Specialist"
"Marcella","Weimann","(959) 085-7257 x167","Regional Branding Liaison"
"Amy","Romaguera","777-549-4880 x2894","International Security Officer"
"Derrick","Hahn","1-452-451-4657 x7748","Chief Creative Associate"
"Pansy","Zemlak","(403) 983-7005 x4228","Chief Optimization Supervisor"
"Deven","Labadie","(868) 025-5315","National Accounts Executive"
"Coralie","Bernier","(257) 721-1448","Dynamic Program Director"
"Jess","Schneider","183-454-9181","Regional Marketing Assistant"
"Camila","Murray","953.907.8828 x222","Future Security Designer"
"Emmalee","Bogisich","903-307-8668","Senior Identity Engineer"
"Keeley","Witting","898-978-5340","Central Paradigm Liaison"
"Esther","Bins","1-299-681-7846 x72736","Human Metrics Engineer"
"Valentin","Stamm","379.094.0713 x0859","Dynamic Metrics Representative"
"Esmeralda","Ortiz","811.257.0703","Customer Solutions Engineer"
"Robin","Harber","911-542-0519","Lead Quality Associate"
"Shawn","Erdman","1-021-700-5700","Legacy Division Architect"
"Andrew","McCullough","622.105.4905","Internal Integration Manager"
"Lee","Gusikowski","461-083-0452","National Infrastructure Orchestrator"
"Evie","Upton","840-838-1763 x324","Forward Usability Developer"
"Domenico","McClure","478.607.6300","Investor Response Executive"
"Mavis","O'Kon","303.349.5015","Product Interactions Engineer"
"Travon","Monahan","858.508.0880","Internal Creative Executive"
"Travon","Corkery","542.040.0688","Lead Group Manager"
"Garth","Rau","(381) 449-3137 x1286","Investor Interactions Supervisor"
"Katheryn","Gerlach","420-294-7011","Future Intranet Technician"
"Kali","Huel","315.332.6409","International Functionality Representative"
"Teresa","Cremin","(151) 763-2167 x972","Dynamic Optimization Manager"
"Noemy","Cruickshank","1-162-163-3755","Principal Infrastructure Supervisor"
"Corene","Bauch","1-326-693-1749 x0285","Direct Usability Specialist"
"Kenna","Brekke","(402) 998-9894","Chief Research Supervisor"
"Taurean","Price","084.975.5850 x8474","Direct Division Technician"
"Jeff","Heathcote","665.816.4321 x250","International Research Technician"
"Baby","Kozey","164-375-7731 x935","National Branding Developer"
"Kailee","McKenzie","(271) 989-8152 x681","Future Operations Coordinator"
"Lulu","Marquardt","1-566-844-9913","Direct Applications Coordinator"
"Easter","Stamm","(565) 678-1849 x5478","Direct Factors Engineer"
"Gudrun","Glover","716-799-7443 x403","Dynamic Web Technician"
"Antonia","Kerluke","611-139-3257 x21200","Investor Operations Engineer"
"Kurt","Brakus","(103) 965-5151 x610","Senior Intranet Manager"
"Keven","Brakus","436.457.1291 x3785","Regional Implementation Associate"
"Juanita","Marquardt","(921) 665-0618 x262","Dynamic Interactions Agent"
"Tillman","Zboncak","(036) 860-7424 x0171","Corporate Quality Assistant"
"Clark","Abernathy","207.626.8337","District Marketing Strategist"
"Lafayette","Green","(562) 039-0432 x529","District Response Liaison"
"Cora","Wuckert","360.049.2655 x81253","Product Optimization Facilitator"
"Ari","Larson","821-912-8509","Product Accountability Specialist"
"Astrid","Monahan","1-442-300-7962 x924","Principal Applications Producer"
"Johnathan","Crist","201-887-5801","Central Directives Engineer"
"Roderick","Huel","376.001.0963 x0777","Principal Data Specialist"
"Gavin","Douglas","1-825-953-8864","Dynamic Functionality Director"
"Kamryn","Murazik","1-448-994-2211 x6824","Dynamic Optimization Director"
"Merritt","Runolfsson","(773) 784-6984","Dynamic Accountability Representative"
"Marilou","Kautzer","578-275-8546 x597","Human Accounts Assistant"
"Santos","Wolf","1-609-935-6678","District Integration Analyst"
"Frankie","Mayer","837-019-0476 x4036","Forward Mobility Facilitator"
"Shanna","Fadel","686.963.8739 x191","Human Functionality Producer"
"Willie","Mertz","395-080-3977","Customer Configuration Designer"
"Mattie","Botsford","(591) 161-8617","Principal Functionality Specialist"
"Gerald","Toy","978.480.4836","Dynamic Data Producer"
"Betsy","Block","813.331.1102 x41026","International Accountability Developer"
"Piper","Lang","593-457-4604 x62280","Global Security Analyst"
"Damion","Boehm","552.681.9756","Investor Mobility Supervisor"
"Desiree","Muller","(651) 020-8040 x66402","Lead Data Supervisor"
"Leola","Skiles","243-017-5508 x9100","Regional Tactics Assistant"
"Zander","O'Keefe","067-536-8257 x6278","Central Assurance Manager"
"Derick","Fadel","697.855.4532 x795","Principal Tactics Administrator"
"Yadira","Spencer","366-759-5815 x826","Central Solutions Specialist"
"Camila","Satterfield","1-683-664-5459","Internal Factors Architect"
"Dusty","Dickens","879-532-9711 x7673","District Operations Designer"
"Ewald","Witting","531-982-9358","Investor Accounts Director"
"Ana","Stiedemann","284.411.8566","Future Research Consultant"
"Novella","Conn","1-041-800-8126","Human Intranet Engineer"
"Morris","Ward","823.997.2236 x8246","Dynamic Quality Technician"
"Benjamin","Schaden","(074) 438-9742","Direct Data Technician"
"Camryn","Orn","(276) 679-6932","National Research Administrator"
"Alek","Casper","1-192-319-0761 x51136","Future Interactions Associate"
"Bud","Ullrich","1-584-923-9679 x5715","Dynamic Intranet Coordinator"
"Emelia","Streich","(709) 237-9784 x435","Regional Directives Producer"
"Eugene","Torphy","1-409-820-8596 x178","District Tactics Assistant"
"Thaddeus","Borer","1-203-743-8815 x94796","Internal Program Director"
"Vince","McGlynn","1-094-114-1381","Regional Creative Strategist"
"Cara","Rowe","1-053-203-6085 x68023","Human Program Officer"
"Maiya","Kunze","136-788-8955 x288","Chief Program Architect"
"Rasheed","Daugherty","516.367.0433","Corporate Assurance Supervisor"
"Elisha","Schinner","634.561.7536 x698","Internal Branding Manager"
"Schuyler","Gutmann","(088) 265-3579","Forward Functionality Technician"
"Demond","Thiel","1-032-818-3535 x06715","Future Factors Associate"
"Sierra","Casper","857-116-3267","Direct Group Assistant"
"Avis","Larkin","1-987-484-6769 x41046","Global Branding Officer"
"Helene","Dicki","863.292.8709 x129","Internal Metrics Associate"
"Magdalena","Fritsch","(657) 792-5351 x80366","Investor Response Manager"
"Barbara","Sanford","(742) 548-7447","International Web Orchestrator"
"Aliza","Senger","180.242.3642","District Accounts Orchestrator"
"Jovanny","Torphy","587-411-0362 x01758","Direct Creative Consultant"
"Juliet","White","(927) 983-3003","Central Assurance Director"
"Charlotte","Krajcik","128.852.3404 x48518","Senior Division Orchestrator"
"Casey","Schultz","(070) 052-1884","Central Implementation Specialist"
"Westley","Walter","1-434-415-4745 x644","District Group Developer"
"Nicola","Hand","577-415-3188 x8240","Direct Response Officer"
"Consuelo","Lindgren","980.563.5963 x885","Central Accountability Producer"
"Jakayla","Legros","1-586-386-5642","Dynamic Usability Specialist"
"Laurel","Hand","1-200-826-2344 x6687","Global Communications Supervisor"
"Camylle","Rutherford","458-842-9196","District Web Director"
"Adolph","Ankunding","(811) 318-1158","Internal Security Associate"
"Janelle","Kreiger","956-373-5323 x53575","International Infrastructure Producer"
"Darrell","Wintheiser","345-484-4606","Human Identity Orchestrator"
"Gabriella","Predovic","1-876-858-0309 x860","Human Integration Facilitator"
"Demond","Beahan","485-058-2680","International Brand Manager"
"Belle","Larkin","884.757.6564 x305","Senior Brand Architect"
"Ciara","Gaylord","456-086-6919 x827","Customer Paradigm Coordinator"
"Erica","Okuneva","113-145-3868 x319","Global Data Specialist"
"Xander","Hamill","126-268-9624 x49749","Central Directives Consultant"
"Jayme","Christiansen","(960) 495-0983 x868","Product Quality Officer"
"Juana","Marvin","934.666.9839 x52101","Regional Web Agent"
"Johnnie","Hauck","980-634-6619","Internal Configuration Consultant"
"Ruthie","Von","345-202-3476 x2275","Central Integration Representative"
"Zachery","Kub","416.981.1940","Future Program Executive"
"Arvid","Ondricka","326-805-0107 x20616","Dynamic Accountability Architect"
"Florence","Hoppe","660-856-0898","Senior Metrics Manager"
"Mathilde","Gerhold","(922) 380-0283","Future Quality Strategist"
"Tyrel","Collins","332.434.9282 x61224","Global Operations Producer"
"Carolyn","Lind","017.619.5167 x55925","National Applications Manager"
"Mittie","Gutmann","983-673-3453 x893","Global Group Administrator"
"Elizabeth","Veum","571-014-1770 x934","Human Operations Producer"
"Jamel","Schroeder","1-399-652-2082","International Quality Assistant"
"Stephen","Rodriguez","1-180-051-0361 x45846","International Metrics Associate"
"Cordia","Ryan","472.087.0008","Regional Solutions Administrator"
"Blaise","O'Conner","(060) 814-1108","Regional Implementation Strategist"
"Vivien","Altenwerth","1-678-224-5273 x65543","Chief Quality Consultant"
"Margot","Luettgen","1-335-969-9312","Central Infrastructure Associate"
"Art","Reynolds","474.827.6898 x47865","Lead Brand Assistant"
"Joe","Stoltenberg","915-948-9924","Human Markets Analyst"
"Alexandre","Mills","285-169-5525 x5892","Principal Solutions Planner"
"Edgar","Hirthe","416-928-7678","International Usability Architect"
"Elenora","O'Kon","846.319.3586 x994","Human Mobility Designer"
"Meggie","Ullrich","229.929.4133","National Optimization Specialist"
"Triston","Osinski","373-329-6607 x34368","Forward Web Supervisor"
"Bartholome","Hane","946-004-5119","Internal Metrics Strategist"
"Keira","Rogahn","(606) 231-1027 x59957","National Group Producer"
"Myah","Wolff","(262) 538-3832 x394","Direct Division Assistant"
"Imelda","Rice","1-347-772-7740 x4008","Legacy Security Planner"
"Genoveva","Pagac","775-267-2511","Regional Branding Strategist"
"Terrance","Hettinger","930-446-7087 x267","Dynamic Metrics Facilitator"
"Cristina","Hilpert","(419) 713-6407 x348","Dynamic Program Analyst"